id,first_name,last_name,email,Survived,ip_address
1,Dennis,Lynch,dlynch0@tuttocitta.it,2,85.179.61.6
2,Patrick,Hall,phall1@is.gd,80,129.161.98.186
3,Harold,Berry,hberry2@ehow.com,6,104.1.59.236
4,Lois,Cole,lcole3@altervista.org,22,3.175.50.226
5,Kenneth,Ramos,kramos4@ed.gov,69,98.114.205.204
6,Juan,Moore,jmoore5@infoseek.co.jp,75,188.219.194.255
7,Stephen,Morgan,smorgan6@google.com,31,169.51.41.17
8,Amy,Brown,abrown7@fastcompany.com,69,205.1.19.133
9,Billy,Hall,bhall8@tripadvisor.com,81,11.213.131.105
10,Juan,Shaw,jshaw9@vkontakte.ru,53,254.46.109.145
11,Daniel,Diaz,ddiaza@tinyurl.com,25,169.115.169.71
12,Melissa,Weaver,mweaverb@who.int,33,155.16.169.141
13,Dennis,Little,dlittlec@edublogs.org,14,53.108.237.49
14,Jose,Bell,jbelld@hibu.com,93,53.101.125.221
15,Heather,Oliver,holivere@bloglines.com,44,12.16.79.42
16,Brian,Lewis,blewisf@vinaora.com,87,168.150.182.210
17,Andrea,Sullivan,asullivang@patch.com,45,106.112.190.187
18,Phyllis,Jenkins,pjenkinsh@fastcompany.com,97,26.240.103.94
19,Joshua,Burns,jburnsi@auda.org.au,24,19.98.59.165
20,Michelle,Smith,msmithj@infoseek.co.jp,71,90.144.92.161
21,Louis,Anderson,landersonk@un.org,9,49.2.181.165
22,Linda,Weaver,lweaverl@mozilla.com,70,54.146.7.131
23,Brian,Wright,bwrightm@odnoklassniki.ru,83,170.11.129.96
24,Elizabeth,Lane,elanen@slashdot.org,79,81.118.127.28
25,Jesse,Oliver,jolivero@jiathis.com,99,23.30.225.159
26,Albert,Diaz,adiazp@xing.com,61,250.120.166.181
27,Cheryl,Cunningham,ccunninghamq@examiner.com,99,56.245.209.130
28,Jacqueline,Evans,jevansr@mayoclinic.com,90,52.144.54.3
29,Betty,Jenkins,bjenkinss@mtv.com,46,215.65.172.199
30,Kathryn,Lawson,klawsont@amazon.co.jp,63,68.15.10.105
31,Richard,Ramirez,rramirezu@buzzfeed.com,77,143.197.240.72
32,Angela,Hughes,ahughesv@home.pl,52,84.79.92.72
33,James,Ortiz,jortizw@domainmarket.com,33,246.76.178.44
34,Benjamin,Ellis,bellisx@hubpages.com,18,71.192.78.54
35,Robert,Henry,rhenryy@biglobe.ne.jp,4,211.103.136.58
36,Shirley,Hunt,shuntz@fema.gov,10,81.46.183.10
37,Barbara,Hernandez,bhernandez10@ehow.com,57,246.17.21.204
38,Melissa,Greene,mgreene11@virginia.edu,42,13.93.14.151
39,Diane,Dean,ddean12@blogger.com,74,240.113.98.60
40,Dennis,Owens,dowens13@sohu.com,97,114.132.83.14
41,Jeffrey,Patterson,jpatterson14@cdc.gov,97,107.69.64.47
42,Shawn,Walker,swalker15@yahoo.co.jp,81,65.15.74.42
43,Donna,Gutierrez,dgutierrez16@nytimes.com,62,156.17.249.97
44,Kevin,Thompson,kthompson17@live.com,18,197.18.255.179
45,Steven,Ellis,sellis18@wired.com,73,69.41.78.188
46,Daniel,Gutierrez,dgutierrez19@ucoz.com,31,174.51.67.212
47,Louis,Perez,lperez1a@hp.com,29,93.131.155.96
48,Victor,Lawrence,vlawrence1b@dailymail.co.uk,56,27.136.175.97
49,Willie,Ford,wford1c@ca.gov,79,199.208.213.26
50,Linda,Burns,lburns1d@tripadvisor.com,21,104.250.93.72
51,Chris,Jones,cjones1e@istockphoto.com,11,76.161.123.116
52,Donald,Montgomery,dmontgomery1f@ucsd.edu,63,241.253.147.63
53,Harry,Sims,hsims1g@hibu.com,22,42.222.230.130
54,Alice,Moreno,amoreno1h@auda.org.au,86,147.95.134.55
55,Phillip,Reed,preed1i@plala.or.jp,1,227.73.117.146
56,Stephanie,Moore,smoore1j@marketwatch.com,7,214.201.171.187
57,Walter,Rivera,wrivera1k@myspace.com,62,83.245.50.176
58,Louise,Alexander,lalexander1l@altervista.org,5,137.192.158.29
59,Donald,Moreno,dmoreno1m@hud.gov,21,115.235.205.160
60,Michael,Schmidt,mschmidt1n@fema.gov,54,21.16.98.73
61,Rachel,Watson,rwatson1o@nps.gov,98,64.207.164.40
62,Diana,Harper,dharper1p@addthis.com,46,101.87.78.190
63,Theresa,Adams,tadams1q@wikimedia.org,58,126.54.200.87
64,Anna,Thomas,athomas1r@hao123.com,75,201.144.213.144
65,Mark,Hamilton,mhamilton1s@craigslist.org,77,247.121.49.153
66,Jose,Owens,jowens1t@jigsy.com,60,243.75.174.30
67,Julia,Morales,jmorales1u@usgs.gov,31,124.171.31.191
68,Marie,Dunn,mdunn1v@economist.com,39,172.42.211.112
69,Arthur,Wells,awells1w@craigslist.org,69,236.91.160.124
70,Andrew,Perkins,aperkins1x@blinklist.com,82,244.211.48.164
71,Charles,Fuller,cfuller1y@simplemachines.org,2,119.27.124.104
72,Christine,Henry,chenry1z@soup.io,18,47.154.238.139
73,Samuel,Hansen,shansen20@furl.net,73,231.233.78.179
74,Anne,Myers,amyers21@zdnet.com,33,166.199.142.200
75,Julie,Simmons,jsimmons22@ameblo.jp,43,150.41.182.200
76,Debra,Graham,dgraham23@nymag.com,6,73.220.233.199
77,Kimberly,Hunter,khunter24@bloglovin.com,13,250.64.196.61
78,Andrea,Hughes,ahughes25@hexun.com,98,4.125.48.96
79,Jacqueline,Ross,jross26@tumblr.com,72,51.136.1.170
80,Jane,Meyer,jmeyer27@nyu.edu,15,91.172.140.35
81,Jeffrey,Hill,jhill28@i2i.jp,75,160.59.42.196
82,Patricia,Austin,paustin29@auda.org.au,68,78.10.95.107
83,Wanda,Peters,wpeters2a@github.com,26,118.19.40.228
84,Joshua,Richardson,jrichardson2b@behance.net,68,92.70.231.198
85,Nicholas,Simpson,nsimpson2c@soundcloud.com,1,254.31.106.166
86,Jonathan,Ortiz,jortiz2d@aboutads.info,67,210.167.181.247
87,Louis,Woods,lwoods2e@ca.gov,5,139.156.112.223
88,Jonathan,Matthews,jmatthews2f@spotify.com,82,130.135.199.190
89,Pamela,Johnston,pjohnston2g@jiathis.com,39,155.230.231.166
90,Steve,Stone,sstone2h@free.fr,45,225.231.197.144
91,Jacqueline,Bailey,jbailey2i@deviantart.com,79,108.254.227.27
92,Alan,Bennett,abennett2j@boston.com,62,53.174.169.226
93,Sandra,Wells,swells2k@eepurl.com,77,11.31.141.221
94,Jean,Chavez,jchavez2l@gizmodo.com,22,202.248.111.191
95,Paula,Spencer,pspencer2m@newsvine.com,90,204.201.124.145
96,Ruth,Bailey,rbailey2n@ucoz.com,16,65.75.130.113
97,Kenneth,Moreno,kmoreno2o@china.com.cn,89,198.186.72.25
98,Brian,Mills,bmills2p@jigsy.com,84,130.144.135.92
99,Kimberly,Parker,kparker2q@github.io,4,162.75.18.45
100,Billy,Fox,bfox2r@blinklist.com,57,74.159.34.99
101,Mark,Perry,mperry2s@columbia.edu,77,47.190.101.232
102,Joyce,Lane,jlane2t@sina.com.cn,42,242.180.102.243
103,Terry,Gonzales,tgonzales2u@godaddy.com,25,108.68.115.15
104,Joan,Perry,jperry2v@hexun.com,20,67.11.116.168
105,Karen,Martin,kmartin2w@biblegateway.com,17,106.133.171.223
106,Patrick,Daniels,pdaniels2x@themeforest.net,85,157.40.148.38
107,Ralph,Henderson,rhenderson2y@buzzfeed.com,99,104.208.146.252
108,Jennifer,White,jwhite2z@google.com,67,115.148.83.148
109,Robin,Jones,rjones30@prweb.com,8,66.203.9.47
110,Roy,Roberts,rroberts31@tiny.cc,52,188.227.161.32
111,Jean,Cox,jcox32@google.fr,2,90.97.244.142
112,Teresa,Fernandez,tfernandez33@cisco.com,55,226.189.55.39
113,Deborah,Dixon,ddixon34@jimdo.com,28,244.165.61.59
114,Emily,Smith,esmith35@seesaa.net,85,178.200.92.87
115,Pamela,Hall,phall36@liveinternet.ru,54,10.123.195.52
116,Anthony,Cook,acook37@unc.edu,63,118.197.240.42
117,Peter,Freeman,pfreeman38@a8.net,86,229.212.10.98
118,Kelly,Arnold,karnold39@sohu.com,37,153.75.211.8
119,Dennis,Mccoy,dmccoy3a@berkeley.edu,49,155.238.26.134
120,Cheryl,King,cking3b@businessweek.com,70,100.80.80.4
121,Bobby,Hansen,bhansen3c@vimeo.com,49,107.41.75.66
122,Sara,Mitchell,smitchell3d@flavors.me,70,137.144.179.118
123,Timothy,Howard,thoward3e@lycos.com,91,56.235.40.138
124,Charles,Mills,cmills3f@aboutads.info,33,97.252.107.155
125,Kathleen,Morris,kmorris3g@senate.gov,79,97.122.223.38
126,Stephanie,Graham,sgraham3h@joomla.org,70,148.221.25.114
127,Kathryn,Myers,kmyers3i@canalblog.com,44,157.182.226.221
128,Brandon,Duncan,bduncan3j@ca.gov,54,118.31.35.29
129,Deborah,Flores,dflores3k@businessweek.com,23,99.215.247.195
130,Janice,Henry,jhenry3l@liveinternet.ru,19,206.137.125.194
131,Dennis,Myers,dmyers3m@domainmarket.com,52,85.175.53.167
132,Evelyn,Watson,ewatson3n@woothemes.com,80,48.238.76.8
133,Philip,Phillips,pphillips3o@discuz.net,16,82.191.142.102
134,Sarah,Perez,sperez3p@senate.gov,3,131.31.26.223
135,Helen,Thompson,hthompson3q@sun.com,97,106.113.151.76
136,Arthur,Montgomery,amontgomery3r@ft.com,40,89.91.92.122
137,Paula,Reyes,preyes3s@bigcartel.com,41,227.173.52.254
138,Lisa,Austin,laustin3t@youtu.be,33,219.87.152.247
139,Chris,Murray,cmurray3u@comsenz.com,87,34.146.198.243
140,Brenda,George,bgeorge3v@csmonitor.com,84,123.20.188.50
141,Patrick,Johnston,pjohnston3w@who.int,3,128.180.77.108
142,Roger,Sanders,rsanders3x@reuters.com,26,134.224.22.97
143,Jacqueline,Greene,jgreene3y@wsj.com,3,113.194.68.107
144,Robert,Welch,rwelch3z@dot.gov,30,23.137.215.178
145,Christopher,Ramos,cramos40@tamu.edu,10,222.37.153.48
146,Virginia,Boyd,vboyd41@stanford.edu,62,149.182.176.248
147,Frances,Reyes,freyes42@gov.uk,57,147.65.200.242
148,Paul,Fisher,pfisher43@moonfruit.com,80,111.244.96.227
149,Christine,Armstrong,carmstrong44@4shared.com,9,119.88.253.209
150,Janet,Ward,jward45@slate.com,85,78.105.120.86
151,Louis,Gibson,lgibson46@ed.gov,69,96.131.16.124
152,Jonathan,Hill,jhill47@usgs.gov,72,201.38.0.229
153,Melissa,Stevens,mstevens48@nyu.edu,87,72.203.146.17
154,Michelle,Rice,mrice49@domainmarket.com,96,202.48.246.105
155,Marilyn,Burns,mburns4a@infoseek.co.jp,1,213.201.8.96
156,Brandon,Kelly,bkelly4b@51.la,83,123.213.123.85
157,Jane,Fields,jfields4c@com.com,17,221.252.152.195
158,Benjamin,Hansen,bhansen4d@theatlantic.com,97,9.248.3.250
159,Benjamin,Hernandez,bhernandez4e@wired.com,10,246.4.173.65
160,Andrea,Watson,awatson4f@wordpress.org,64,169.225.182.199
161,Christine,Jenkins,cjenkins4g@hibu.com,38,31.47.134.38
162,Betty,Lopez,blopez4h@sphinn.com,24,15.109.239.3
163,Kathy,Vasquez,kvasquez4i@quantcast.com,94,211.66.235.104
164,Janice,Bowman,jbowman4j@godaddy.com,57,186.172.54.115
165,Steven,Lopez,slopez4k@amazon.co.jp,70,15.220.218.5
166,Helen,Martinez,hmartinez4l@redcross.org,87,230.136.95.189
167,Lois,Henry,lhenry4m@go.com,63,211.172.123.120
168,Larry,Gray,lgray4n@reuters.com,23,85.138.239.214
169,Jessica,Roberts,jroberts4o@shop-pro.jp,61,252.42.112.8
170,Lois,Nguyen,lnguyen4p@artisteer.com,13,102.193.214.181
171,Martin,Garza,mgarza4q@si.edu,29,195.249.46.77
172,Justin,Dixon,jdixon4r@people.com.cn,17,254.76.151.18
173,Helen,Rogers,hrogers4s@accuweather.com,93,240.31.136.221
174,Theresa,Miller,tmiller4t@ning.com,9,210.109.81.71
175,Carol,Anderson,canderson4u@sbwire.com,99,222.56.142.186
176,Mary,Bennett,mbennett4v@youku.com,57,71.134.83.95
177,Mark,Mills,mmills4w@ibm.com,84,128.226.213.65
178,Dennis,Washington,dwashington4x@ning.com,4,92.164.197.251
179,Frank,Patterson,fpatterson4y@purevolume.com,88,174.85.112.247
180,Virginia,Baker,vbaker4z@princeton.edu,82,119.65.130.30
181,Susan,Fuller,sfuller50@nydailynews.com,27,59.149.51.120
182,Phyllis,Parker,pparker51@wordpress.org,29,118.183.250.191
183,Christopher,Fernandez,cfernandez52@free.fr,35,46.173.68.20
184,Stephanie,Day,sday53@weibo.com,54,196.79.37.117
185,Martin,Allen,mallen54@mediafire.com,20,109.26.178.218
186,Edward,Bowman,ebowman55@clickbank.net,53,137.74.38.220
187,Steve,Collins,scollins56@dion.ne.jp,78,191.188.70.127
188,Samuel,Larson,slarson57@examiner.com,10,248.19.96.182
189,Kelly,Brooks,kbrooks58@fc2.com,72,83.192.62.227
190,Tina,Gutierrez,tgutierrez59@tamu.edu,39,174.209.36.12
191,Elizabeth,Simpson,esimpson5a@nsw.gov.au,4,85.20.7.51
192,Norma,Martin,nmartin5b@wisc.edu,56,199.221.151.200
193,Bruce,Kelley,bkelley5c@timesonline.co.uk,87,82.175.228.183
194,Frank,Powell,fpowell5d@hp.com,99,214.68.250.110
195,Brenda,Young,byoung5e@usatoday.com,82,65.143.174.192
196,Jeremy,Owens,jowens5f@msu.edu,76,227.253.246.66
197,Judith,Mendoza,jmendoza5g@dmoz.org,59,141.30.24.179
198,Michael,Woods,mwoods5h@51.la,89,196.225.45.244
199,Joshua,Mitchell,jmitchell5i@addtoany.com,81,38.120.36.74
200,Sandra,Gonzalez,sgonzalez5j@google.com.au,96,167.223.216.229
201,Ryan,Stephens,rstephens5k@php.net,90,197.57.165.26
202,Carl,Jacobs,cjacobs5l@zdnet.com,17,200.91.231.206
203,Rebecca,Fowler,rfowler5m@guardian.co.uk,54,24.95.181.72
204,Janice,Thomas,jthomas5n@over-blog.com,28,58.103.120.81
205,Gary,Evans,gevans5o@bing.com,90,215.81.159.102
206,Keith,Parker,kparker5p@xinhuanet.com,69,109.178.236.165
207,Stephen,Gardner,sgardner5q@storify.com,8,177.49.124.54
208,Julie,Roberts,jroberts5r@privacy.gov.au,59,60.240.64.219
209,Deborah,Payne,dpayne5s@google.fr,68,161.241.236.84
210,David,Burns,dburns5t@etsy.com,70,161.3.18.188
211,Lois,Ortiz,lortiz5u@mediafire.com,44,100.171.253.85
212,Karen,Harris,kharris5v@tumblr.com,58,72.40.235.193
213,Bonnie,Nichols,bnichols5w@bizjournals.com,91,254.13.82.239
214,Samuel,Montgomery,smontgomery5x@wp.com,51,145.58.183.140
215,Dorothy,Stewart,dstewart5y@engadget.com,41,248.116.23.94
216,Gregory,Moreno,gmoreno5z@google.ru,73,214.11.169.202
217,Janet,Hunter,jhunter60@usnews.com,58,153.200.67.112
218,Julie,Dixon,jdixon61@hostgator.com,72,46.60.20.18
219,Frank,Fernandez,ffernandez62@shutterfly.com,81,130.148.59.201
220,Rose,Perez,rperez63@unc.edu,4,197.25.225.66
221,Paula,Perry,pperry64@nps.gov,81,107.226.20.92
222,Carl,Roberts,croberts65@vimeo.com,75,211.31.90.155
223,Sara,Davis,sdavis66@admin.ch,66,248.132.14.68
224,Todd,Jordan,tjordan67@vistaprint.com,86,19.179.207.218
225,Theresa,Peters,tpeters68@mozilla.org,92,9.188.116.207
226,Stephen,Wells,swells69@technorati.com,54,33.204.164.63
227,Phillip,Cruz,pcruz6a@constantcontact.com,28,138.234.46.111
228,Frances,Matthews,fmatthews6b@howstuffworks.com,100,14.21.232.74
229,Kevin,Carter,kcarter6c@phoca.cz,3,195.126.79.126
230,Tammy,Williams,twilliams6d@biglobe.ne.jp,46,185.232.242.237
231,Paul,Hanson,phanson6e@facebook.com,5,33.193.33.249
232,Michelle,Day,mday6f@amazon.com,12,70.210.242.47
233,Jennifer,Chapman,jchapman6g@liveinternet.ru,12,45.114.95.114
234,Diane,James,djames6h@plala.or.jp,66,143.207.74.154
235,Victor,Hart,vhart6i@imgur.com,49,183.250.11.84
236,Amanda,Reyes,areyes6j@indiatimes.com,62,201.82.242.162
237,Cynthia,Owens,cowens6k@sphinn.com,52,177.112.220.97
238,George,Lewis,glewis6l@mapquest.com,91,20.73.92.23
239,Janet,Brooks,jbrooks6m@nyu.edu,98,99.186.157.226
240,Amy,Nichols,anichols6n@mashable.com,15,1.184.209.252
241,Jeremy,Black,jblack6o@issuu.com,2,16.186.49.112
242,William,Palmer,wpalmer6p@naver.com,60,221.204.50.54
243,Carlos,Henderson,chenderson6q@wordpress.org,38,221.244.94.223
244,David,Collins,dcollins6r@vistaprint.com,12,82.13.148.39
245,Lillian,Powell,lpowell6s@discovery.com,65,160.138.246.146
246,Bobby,Banks,bbanks6t@usda.gov,30,41.111.197.163
247,Sandra,Simpson,ssimpson6u@hugedomains.com,64,189.239.16.43
248,Kathryn,Knight,kknight6v@addtoany.com,96,90.157.184.95
249,Carlos,Green,cgreen6w@discovery.com,77,218.165.163.205
250,Jesse,Gomez,jgomez6x@unesco.org,10,69.16.120.33
251,Douglas,Gordon,dgordon6y@yale.edu,92,220.182.208.118
252,Virginia,Reid,vreid6z@surveymonkey.com,37,133.207.166.38
253,Anthony,Ray,aray70@printfriendly.com,55,71.60.174.172
254,Kathryn,Phillips,kphillips71@miibeian.gov.cn,38,41.115.37.100
255,Timothy,Larson,tlarson72@feedburner.com,10,41.239.207.143
256,Helen,Collins,hcollins73@pbs.org,48,18.165.219.56
257,Craig,Gardner,cgardner74@histats.com,74,133.230.241.50
258,Mary,Owens,mowens75@tumblr.com,64,190.100.164.31
259,Gerald,Meyer,gmeyer76@hexun.com,56,87.213.161.4
260,Dorothy,Armstrong,darmstrong77@free.fr,74,150.4.102.169
261,Janet,Fisher,jfisher78@unblog.fr,64,200.205.48.152
262,Andrew,Hayes,ahayes79@irs.gov,71,109.75.149.149
263,Frank,Harper,fharper7a@rediff.com,86,241.154.113.65
264,Christina,Nichols,cnichols7b@twitpic.com,45,217.115.66.90
265,Billy,Jordan,bjordan7c@webmd.com,76,118.117.107.0
266,Debra,Phillips,dphillips7d@smugmug.com,81,193.14.11.183
267,Janice,Spencer,jspencer7e@sun.com,54,180.89.132.163
268,Julia,Price,jprice7f@whitehouse.gov,34,156.57.204.99
269,Arthur,Hill,ahill7g@facebook.com,82,221.0.15.136
270,William,Patterson,wpatterson7h@wp.com,94,219.57.176.139
271,Theresa,Russell,trussell7i@gov.uk,21,176.230.9.213
272,Ryan,Ruiz,rruiz7j@sina.com.cn,21,81.79.142.196
273,Angela,Wallace,awallace7k@elegantthemes.com,55,41.211.76.24
274,Alan,Simmons,asimmons7l@blog.com,10,49.161.27.81
275,Maria,Richardson,mrichardson7m@army.mil,76,51.186.81.244
276,Diane,Lewis,dlewis7n@uiuc.edu,73,45.20.177.203
277,Louise,Mccoy,lmccoy7o@cafepress.com,16,214.109.15.76
278,Linda,Parker,lparker7p@imgur.com,8,9.212.247.251
279,Lori,Mills,lmills7q@github.com,33,179.36.183.238
280,Virginia,Sullivan,vsullivan7r@ning.com,33,247.184.146.136
281,Joseph,Hernandez,jhernandez7s@homestead.com,66,13.126.30.152
282,Justin,Riley,jriley7t@bloglovin.com,11,91.176.109.182
283,Adam,Bell,abell7u@independent.co.uk,18,204.198.52.174
284,Carl,Webb,cwebb7v@arstechnica.com,59,243.186.124.12
285,Rachel,Olson,rolson7w@phoca.cz,62,29.115.105.120
286,Nancy,Reyes,nreyes7x@theguardian.com,95,134.191.234.112
287,Kathy,Edwards,kedwards7y@ustream.tv,57,10.127.30.139
288,Ernest,Peterson,epeterson7z@intel.com,40,29.75.94.103
289,Timothy,Rice,trice80@freewebs.com,85,26.93.80.177
290,Jeffrey,Simmons,jsimmons81@opera.com,11,24.247.42.10
291,Lois,Green,lgreen82@mapy.cz,97,64.184.249.201
292,Larry,Harper,lharper83@flickr.com,47,255.39.229.210
293,Julia,Lee,jlee84@myspace.com,10,252.118.27.116
294,Nancy,Hamilton,nhamilton85@state.gov,40,3.13.210.116
295,Jacqueline,Peters,jpeters86@g.co,11,193.176.111.81
296,Lawrence,Ramirez,lramirez87@technorati.com,40,97.154.31.89
297,Jennifer,Harvey,jharvey88@earthlink.net,94,196.65.68.164
298,Annie,Hamilton,ahamilton89@deviantart.com,35,67.96.24.195
299,Craig,Bryant,cbryant8a@parallels.com,85,129.49.128.75
300,Daniel,Hall,dhall8b@goo.gl,47,18.28.148.173
301,Walter,Spencer,wspencer8c@xing.com,49,157.202.248.14
302,Gary,Berry,gberry8d@stumbleupon.com,8,226.200.102.135
303,Cynthia,Bell,cbell8e@wikimedia.org,11,182.210.3.237
304,Kimberly,Hicks,khicks8f@dion.ne.jp,65,109.183.155.96
305,Marie,Morgan,mmorgan8g@github.com,10,140.100.204.149
306,Dorothy,Washington,dwashington8h@independent.co.uk,80,161.45.122.132
307,Scott,Peterson,speterson8i@shop-pro.jp,33,228.25.70.38
308,Lisa,Freeman,lfreeman8j@plala.or.jp,20,91.148.82.44
309,Johnny,Carr,jcarr8k@cloudflare.com,90,215.148.115.160
310,Phillip,Mason,pmason8l@google.ca,84,39.183.103.154
311,Joseph,Lawrence,jlawrence8m@shutterfly.com,50,200.89.94.228
312,Billy,Rose,brose8n@cmu.edu,96,233.71.10.4
313,Anne,Montgomery,amontgomery8o@abc.net.au,34,12.74.161.152
314,Anna,Alvarez,aalvarez8p@soup.io,14,33.228.170.232
315,Melissa,Fox,mfox8q@theatlantic.com,59,22.139.197.233
316,Ralph,Carpenter,rcarpenter8r@yolasite.com,74,43.117.100.28
317,Melissa,Wilson,mwilson8s@storify.com,26,126.126.188.148
318,Marilyn,Spencer,mspencer8t@technorati.com,1,66.111.161.71
319,Rebecca,Palmer,rpalmer8u@51.la,41,83.31.24.39
320,Helen,Murphy,hmurphy8v@gravatar.com,96,110.57.205.230
321,Justin,Watkins,jwatkins8w@boston.com,40,100.119.64.233
322,Janice,Mcdonald,jmcdonald8x@nps.gov,66,38.141.142.211
323,Virginia,Mendoza,vmendoza8y@opensource.org,83,231.83.79.22
324,Judy,Montgomery,jmontgomery8z@cdbaby.com,41,243.196.27.224
325,Jason,Martin,jmartin90@wikipedia.org,54,92.180.226.39
326,Evelyn,Mcdonald,emcdonald91@howstuffworks.com,19,122.106.136.139
327,Catherine,Armstrong,carmstrong92@360.cn,86,55.221.195.196
328,Catherine,Powell,cpowell93@mac.com,10,176.53.147.191
329,Louis,Ferguson,lferguson94@zimbio.com,74,12.110.115.160
330,Annie,Young,ayoung95@sfgate.com,42,110.55.202.255
331,Juan,Carter,jcarter96@123-reg.co.uk,74,128.79.138.12
332,Helen,Sims,hsims97@dailymail.co.uk,93,20.241.49.233
333,Nicholas,Grant,ngrant98@sphinn.com,72,73.144.162.169
334,Bruce,Coleman,bcoleman99@cyberchimps.com,58,89.139.62.94
335,Lillian,Gardner,lgardner9a@upenn.edu,67,6.237.19.220
336,Douglas,Black,dblack9b@netscape.com,35,167.96.61.241
337,Kenneth,Bailey,kbailey9c@nsw.gov.au,40,116.94.144.76
338,Philip,Larson,plarson9d@google.ca,71,192.117.113.126
339,Clarence,Chavez,cchavez9e@microsoft.com,37,232.192.115.114
340,Michael,Franklin,mfranklin9f@cargocollective.com,52,122.104.164.26
341,Lisa,Reynolds,lreynolds9g@msn.com,69,146.8.185.245
342,Marie,Robinson,mrobinson9h@studiopress.com,20,81.251.249.87
343,Adam,Boyd,aboyd9i@apache.org,50,201.112.246.230
344,Martin,Hudson,mhudson9j@prlog.org,5,1.140.191.190
345,Rebecca,Taylor,rtaylor9k@tumblr.com,45,162.68.51.4
346,Russell,Moreno,rmoreno9l@gnu.org,53,203.104.180.229
347,Maria,Black,mblack9m@constantcontact.com,6,59.83.190.21
348,James,Butler,jbutler9n@is.gd,69,183.79.122.99
349,Michael,White,mwhite9o@deliciousdays.com,39,129.218.110.31
350,Chris,Davis,cdavis9p@infoseek.co.jp,100,192.229.152.173
351,Janice,Rodriguez,jrodriguez9q@ucoz.ru,4,254.191.142.238
352,Karen,Dean,kdean9r@gizmodo.com,51,63.216.39.189
353,Joshua,Gardner,jgardner9s@pcworld.com,80,120.165.70.166
354,Ashley,Dean,adean9t@aboutads.info,77,197.113.129.234
355,Scott,Montgomery,smontgomery9u@usnews.com,76,28.123.22.21
356,Andrew,Parker,aparker9v@tripadvisor.com,7,94.153.115.230
357,Bobby,Gilbert,bgilbert9w@bravesites.com,40,90.15.206.0
358,Deborah,Jackson,djackson9x@soundcloud.com,63,230.156.152.219
359,Janet,Hicks,jhicks9y@chronoengine.com,77,3.58.220.160
360,Beverly,Brooks,bbrooks9z@twitpic.com,57,7.189.250.60
361,Ryan,Rogers,rrogersa0@berkeley.edu,72,183.31.236.101
362,Eric,Watson,ewatsona1@vinaora.com,72,54.239.87.127
363,Kimberly,Graham,kgrahama2@theglobeandmail.com,61,78.134.35.73
364,Adam,Webb,awebba3@alexa.com,13,234.117.24.244
365,Denise,Turner,dturnera4@bluehost.com,88,68.232.106.236
366,Willie,Weaver,wweavera5@tmall.com,53,19.186.33.101
367,John,Allen,jallena6@ask.com,4,140.181.201.88
368,Harold,Lewis,hlewisa7@qq.com,18,149.226.77.230
369,Denise,Reyes,dreyesa8@printfriendly.com,11,3.205.240.118
370,Elizabeth,Hart,eharta9@etsy.com,78,82.216.121.248
371,Scott,James,sjamesaa@booking.com,52,71.83.81.107
372,Christina,Stone,cstoneab@howstuffworks.com,51,78.101.65.147
373,Heather,Garrett,hgarrettac@slideshare.net,20,221.189.243.224
374,Sean,Perez,sperezad@twitter.com,49,184.161.146.131
375,Paul,Reynolds,preynoldsae@netlog.com,98,85.45.141.43
376,Lawrence,Tucker,ltuckeraf@csmonitor.com,60,73.10.26.248
377,Lois,Henry,lhenryag@ameblo.jp,40,178.128.116.208
378,Lisa,Mendoza,lmendozaah@yolasite.com,54,211.90.222.87
379,Jason,Ellis,jellisai@gravatar.com,52,49.176.31.238
380,Ralph,Spencer,rspenceraj@yale.edu,3,6.132.8.2
381,Albert,Lee,aleeak@yolasite.com,74,237.82.97.14
382,Lillian,Jacobs,ljacobsal@meetup.com,47,76.201.217.48
383,Kathryn,Reyes,kreyesam@fc2.com,84,219.221.124.187
384,Edward,Sims,esimsan@omniture.com,24,192.90.54.184
385,Alice,Kim,akimao@sakura.ne.jp,2,49.7.119.49
386,Robert,Hansen,rhansenap@blog.com,96,119.61.139.45
387,Jerry,Morales,jmoralesaq@nymag.com,68,46.93.141.240
388,Sarah,Wells,swellsar@mozilla.org,98,120.148.66.3
389,Phillip,Mitchell,pmitchellas@eepurl.com,31,9.170.161.220
390,Carl,Peterson,cpetersonat@nytimes.com,7,73.102.40.13
391,Fred,Rogers,frogersau@zimbio.com,28,106.133.141.192
392,Sharon,Harris,sharrisav@economist.com,13,117.152.251.193
393,Lois,Alexander,lalexanderaw@goodreads.com,25,76.210.153.87
394,Amy,Wilson,awilsonax@state.gov,90,152.17.142.178
395,Lawrence,Evans,levansay@aol.com,71,120.130.223.246
396,Patrick,Johnston,pjohnstonaz@storify.com,14,215.66.231.155
397,Evelyn,Bradley,ebradleyb0@twitpic.com,85,112.81.51.28
398,Paul,Sanders,psandersb1@1688.com,51,220.59.85.156
399,Jesse,Grant,jgrantb2@multiply.com,20,190.254.215.170
400,Wanda,Hanson,whansonb3@yolasite.com,51,128.93.164.151
401,Lori,Armstrong,larmstrongb4@freewebs.com,17,207.138.121.141
402,Joan,Richardson,jrichardsonb5@sourceforge.net,73,116.24.240.210
403,Wanda,Green,wgreenb6@people.com.cn,84,161.231.10.199
404,Wanda,Gibson,wgibsonb7@gnu.org,31,103.230.5.249
405,Joyce,Garrett,jgarrettb8@biblegateway.com,15,157.31.223.233
406,Ann,Russell,arussellb9@umn.edu,10,204.239.35.104
407,Betty,Carpenter,bcarpenterba@dyndns.org,88,59.219.96.155
408,Virginia,Carroll,vcarrollbb@shinystat.com,23,173.227.4.206
409,Ralph,Richardson,rrichardsonbc@sourceforge.net,57,7.79.5.179
410,Jane,Harper,jharperbd@prnewswire.com,99,183.191.144.91
411,Denise,Nichols,dnicholsbe@devhub.com,92,200.61.50.37
412,Peter,Baker,pbakerbf@123-reg.co.uk,96,232.63.90.187
413,Heather,Hunt,hhuntbg@com.com,20,147.65.55.76
414,Christine,Cruz,ccruzbh@list-manage.com,74,13.22.11.77
415,Janet,Miller,jmillerbi@msu.edu,40,52.55.43.60
416,Marilyn,Gonzalez,mgonzalezbj@cam.ac.uk,28,234.22.228.210
417,Eric,Medina,emedinabk@free.fr,36,69.230.71.216
418,Todd,Stevens,tstevensbl@elpais.com,65,160.12.66.93
419,Arthur,Anderson,aandersonbm@un.org,29,241.210.150.95
420,Judith,Morris,jmorrisbn@canalblog.com,61,59.253.17.156
421,Lois,Gordon,lgordonbo@tuttocitta.it,69,5.193.177.212
422,Carol,Ferguson,cfergusonbp@redcross.org,100,124.41.244.183
423,Ashley,Fuller,afullerbq@jiathis.com,9,10.54.143.193
424,Raymond,Bailey,rbaileybr@vistaprint.com,34,2.229.47.239
425,Raymond,Campbell,rcampbellbs@google.com,76,5.159.219.250
426,Ryan,Morris,rmorrisbt@live.com,26,3.253.228.44
427,Mark,Palmer,mpalmerbu@imdb.com,5,9.125.4.134
428,Russell,Armstrong,rarmstrongbv@amazon.com,17,31.45.74.160
429,Shirley,Rivera,sriverabw@github.io,54,232.41.187.112
430,Alan,Walker,awalkerbx@aboutads.info,24,28.233.212.209
431,Keith,Long,klongby@mail.ru,81,145.190.91.138
432,Rachel,Nelson,rnelsonbz@opera.com,74,187.203.125.231
433,Diana,Lawrence,dlawrencec0@columbia.edu,4,119.196.3.162
434,Peter,Morgan,pmorganc1@geocities.jp,85,89.118.28.229
435,Aaron,Bell,abellc2@live.com,52,152.121.200.148
436,Jesse,Bishop,jbishopc3@squarespace.com,19,134.28.72.180
437,Debra,Cruz,dcruzc4@devhub.com,81,140.174.77.176
438,Teresa,Wilson,twilsonc5@upenn.edu,18,18.130.156.31
439,Theresa,Stewart,tstewartc6@trellian.com,45,36.15.73.37
440,Andrew,Harris,aharrisc7@usa.gov,13,166.251.217.5
441,Carl,Nichols,cnicholsc8@icio.us,83,200.178.2.149
442,Fred,Riley,frileyc9@bravesites.com,89,9.181.124.119
443,Eugene,Grant,egrantca@apache.org,20,167.130.249.135
444,Peter,Little,plittlecb@google.co.jp,26,236.192.215.152
445,Diane,Hunt,dhuntcc@patch.com,12,83.173.56.71
446,Barbara,Williams,bwilliamscd@shop-pro.jp,55,161.87.193.132
447,Joyce,Hall,jhallce@abc.net.au,30,148.214.238.131
448,Ruth,Cooper,rcoopercf@typepad.com,100,193.122.196.140
449,Judith,Gonzales,jgonzalescg@mac.com,88,240.251.68.192
450,Martin,Gardner,mgardnerch@state.gov,70,202.29.204.72
451,Johnny,Jacobs,jjacobsci@eepurl.com,10,243.250.67.5
452,Christopher,Black,cblackcj@microsoft.com,96,86.21.98.240
453,Ruby,Peterson,rpetersonck@sakura.ne.jp,85,109.104.137.177
454,Jessica,Olson,jolsoncl@wordpress.org,73,218.32.212.2
455,Michael,Gilbert,mgilbertcm@loc.gov,61,191.180.73.34
456,Anna,Hayes,ahayescn@elpais.com,46,57.238.245.151
457,Matthew,Garza,mgarzaco@blogspot.com,100,245.204.70.183
458,Susan,Walker,swalkercp@360.cn,99,201.125.241.107
459,Jean,Shaw,jshawcq@vkontakte.ru,55,232.254.101.250
460,Nicole,Cunningham,ncunninghamcr@statcounter.com,22,107.161.148.233
461,Teresa,Parker,tparkercs@theguardian.com,10,27.43.202.108
462,Marie,Nguyen,mnguyenct@yale.edu,100,78.206.63.93
463,Alice,Harris,aharriscu@edublogs.org,23,120.31.204.99
464,Raymond,Stone,rstonecv@uol.com.br,42,190.230.148.99
465,Alice,Carpenter,acarpentercw@sphinn.com,38,128.124.252.73
466,Daniel,Rodriguez,drodriguezcx@furl.net,4,41.185.204.21
467,Carol,Butler,cbutlercy@merriam-webster.com,55,5.50.182.72
468,Dennis,King,dkingcz@jalbum.net,49,91.174.173.179
469,Rachel,Elliott,relliottd0@tripod.com,65,200.29.63.189
470,Frank,Gray,fgrayd1@patch.com,12,5.12.111.39
471,Catherine,Rose,crosed2@wordpress.org,100,117.24.202.95
472,Phyllis,White,pwhited3@businesswire.com,84,171.59.147.183
473,Lois,Gray,lgrayd4@home.pl,52,50.211.38.40
474,Randy,Lopez,rlopezd5@canalblog.com,43,114.251.208.231
475,Katherine,Burton,kburtond6@google.com.br,81,209.132.217.212
476,William,Morgan,wmorgand7@paypal.com,29,237.148.228.96
477,Victor,Moore,vmoored8@tinyurl.com,75,82.149.117.0
478,Julie,Cunningham,jcunninghamd9@bravesites.com,54,232.154.35.42
479,Gloria,Reynolds,greynoldsda@reuters.com,71,4.155.221.214
480,Bonnie,Baker,bbakerdb@theguardian.com,34,138.120.229.192
481,Terry,Sanchez,tsanchezdc@mediafire.com,15,39.192.101.174
482,Andrew,Green,agreendd@illinois.edu,70,194.128.169.22
483,Deborah,Little,dlittlede@guardian.co.uk,2,76.5.8.53
484,William,Martin,wmartindf@utexas.edu,76,90.134.96.50
485,Clarence,Armstrong,carmstrongdg@bluehost.com,38,107.223.212.186
486,Frances,Myers,fmyersdh@canalblog.com,21,127.157.14.255
487,Philip,Austin,paustindi@wordpress.com,54,131.15.46.49
488,Jane,Ruiz,jruizdj@ovh.net,56,129.160.184.42
489,Alan,Bryant,abryantdk@pen.io,1,200.230.113.69
490,Ronald,Alexander,ralexanderdl@engadget.com,81,29.232.150.41
491,Frances,Bailey,fbaileydm@last.fm,86,19.153.55.224
492,Shawn,Reed,sreeddn@mapquest.com,10,105.77.48.84
493,Ralph,Roberts,rrobertsdo@github.com,60,100.47.233.96
494,Maria,Boyd,mboyddp@fema.gov,43,71.198.60.188
495,Dorothy,Chapman,dchapmandq@guardian.co.uk,50,101.237.89.12
496,Mark,Andrews,mandrewsdr@narod.ru,43,218.180.106.32
497,Paul,Evans,pevansds@alexa.com,66,22.4.71.145
498,Gloria,Ramos,gramosdt@unblog.fr,51,252.231.24.225
499,Emily,Little,elittledu@amazon.co.uk,13,139.119.193.221
500,Linda,Long,llongdv@stumbleupon.com,24,135.91.212.69
501,Craig,Mitchell,cmitchelldw@technorati.com,96,233.0.143.14
502,Stephanie,Torres,storresdx@comcast.net,92,96.42.243.120
503,Wayne,Hanson,whansondy@simplemachines.org,46,83.238.233.188
504,James,Kelley,jkelleydz@zimbio.com,100,152.20.111.69
505,Fred,Burton,fburtone0@shutterfly.com,15,115.237.34.28
506,Jeremy,Ferguson,jfergusone1@fastcompany.com,44,12.66.37.114
507,Sara,Torres,storrese2@whitehouse.gov,69,101.157.157.239
508,Bonnie,Morrison,bmorrisone3@vimeo.com,70,8.98.209.71
509,Jimmy,Armstrong,jarmstronge4@auda.org.au,41,73.159.243.162
510,Steven,Hawkins,shawkinse5@homestead.com,93,189.128.99.48
511,Frances,Carter,fcartere6@ebay.com,74,178.24.165.157
512,Roy,Kim,rkime7@dropbox.com,46,205.158.220.84
513,Mary,Bradley,mbradleye8@goo.gl,74,117.30.216.80
514,Eric,Davis,edavise9@google.co.jp,76,195.146.228.115
515,Jacqueline,Hanson,jhansonea@nhs.uk,99,100.93.201.162
516,Ronald,Henry,rhenryeb@quantcast.com,33,141.47.202.103
517,Ruth,Reyes,rreyesec@dropbox.com,96,212.16.217.125
518,Ralph,Nelson,rnelsoned@umn.edu,31,73.50.33.178
519,Andrea,Stevens,astevensee@wordpress.org,4,45.145.93.194
520,Paul,Price,ppriceef@netvibes.com,75,230.92.178.229
521,Paula,Russell,prusselleg@wordpress.com,35,56.164.84.158
522,Debra,Riley,drileyeh@washingtonpost.com,39,162.108.239.134
523,Carol,Wells,cwellsei@sogou.com,72,250.35.24.12
524,Terry,Romero,tromeroej@geocities.com,32,212.197.50.109
525,Eric,Stanley,estanleyek@g.co,10,121.114.133.175
526,Brenda,Nelson,bnelsonel@ovh.net,28,47.166.55.46
527,James,Black,jblackem@friendfeed.com,29,204.206.56.37
528,Karen,Lewis,klewisen@ftc.gov,65,205.25.74.59
529,Nicole,Cox,ncoxeo@sfgate.com,35,120.140.31.229
530,Russell,Wood,rwoodep@ehow.com,20,193.166.232.96
531,Stephanie,Price,spriceeq@loc.gov,58,80.95.203.83
532,Patricia,Simpson,psimpsoner@multiply.com,17,16.162.184.168
533,Dorothy,Ramirez,dramirezes@fda.gov,55,205.244.203.101
534,Tammy,Henry,thenryet@home.pl,69,26.234.157.234
535,Jimmy,Anderson,jandersoneu@house.gov,54,167.154.23.131
536,Irene,Cox,icoxev@cargocollective.com,70,242.219.103.115
537,Diane,Jenkins,djenkinsew@chron.com,42,45.192.94.151
538,Phillip,Harvey,pharveyex@sfgate.com,16,233.177.180.243
539,Christopher,Green,cgreeney@nsw.gov.au,65,212.181.35.104
540,Nicole,Gibson,ngibsonez@hhs.gov,9,218.155.30.189
541,Laura,Adams,ladamsf0@liveinternet.ru,99,28.77.53.38
542,Christopher,Davis,cdavisf1@t-online.de,75,87.66.150.35
543,Joseph,Jacobs,jjacobsf2@cargocollective.com,17,47.59.236.216
544,Michael,Kennedy,mkennedyf3@wisc.edu,85,197.210.94.34
545,Carl,Gray,cgrayf4@over-blog.com,94,11.23.255.161
546,Ann,Reid,areidf5@desdev.cn,90,6.54.199.105
547,Teresa,Parker,tparkerf6@mysql.com,24,136.138.167.11
548,Annie,Hamilton,ahamiltonf7@diigo.com,56,233.80.200.216
549,Doris,Foster,dfosterf8@rediff.com,96,122.69.220.213
550,Bonnie,Gutierrez,bgutierrezf9@e-recht24.de,85,72.70.232.149
551,Frank,Fisher,ffisherfa@reverbnation.com,68,225.209.120.202
552,Chris,Evans,cevansfb@furl.net,81,82.144.167.144
553,Phillip,Nguyen,pnguyenfc@ebay.com,42,24.106.181.32
554,Carlos,Hall,challfd@parallels.com,81,8.156.245.188
555,Patrick,Tucker,ptuckerfe@csmonitor.com,1,5.155.78.177
556,Lillian,Fernandez,lfernandezff@w3.org,85,56.8.0.193
557,Jeffrey,Johnson,jjohnsonfg@bandcamp.com,6,41.236.17.168
558,Johnny,Fowler,jfowlerfh@shinystat.com,19,168.124.83.114
559,Ernest,Wood,ewoodfi@bigcartel.com,92,97.195.193.36
560,Billy,Cole,bcolefj@dell.com,55,227.83.226.5
561,Catherine,Stevens,cstevensfk@buzzfeed.com,21,213.14.195.200
562,Deborah,Thomas,dthomasfl@miitbeian.gov.cn,30,255.15.26.210
563,Sandra,Welch,swelchfm@europa.eu,23,93.176.194.94
564,Martha,Garza,mgarzafn@dion.ne.jp,6,132.10.230.88
565,Nicole,Schmidt,nschmidtfo@networksolutions.com,69,180.9.81.139
566,Arthur,Fernandez,afernandezfp@google.pl,72,235.113.199.97
567,Judith,Hudson,jhudsonfq@cornell.edu,81,116.254.3.201
568,Louise,Roberts,lrobertsfr@hao123.com,88,54.60.96.227
569,Joan,Carter,jcarterfs@bravesites.com,39,182.202.74.172
570,Edward,Boyd,eboydft@wikispaces.com,48,78.129.91.250
571,Eugene,Hall,ehallfu@boston.com,82,209.181.244.194
572,Lillian,Freeman,lfreemanfv@cafepress.com,68,33.204.221.43
573,Denise,Peterson,dpetersonfw@naver.com,85,233.125.55.1
574,Willie,Fowler,wfowlerfx@aol.com,69,166.108.170.210
575,Craig,Washington,cwashingtonfy@xrea.com,97,103.130.225.214
576,Jimmy,Green,jgreenfz@163.com,9,180.221.125.57
577,John,Brown,jbrowng0@goo.ne.jp,66,20.45.215.29
578,Catherine,Turner,cturnerg1@last.fm,87,49.93.231.179
579,Melissa,Gilbert,mgilbertg2@technorati.com,4,246.174.251.59
580,Anne,Little,alittleg3@dailymail.co.uk,57,100.91.211.182
581,Bruce,Morales,bmoralesg4@about.me,30,254.182.184.157
582,Willie,Hanson,whansong5@symantec.com,71,199.91.44.64
583,Gary,Arnold,garnoldg6@altervista.org,60,1.45.159.84
584,Angela,Hunt,ahuntg7@1und1.de,72,240.102.115.157
585,Eugene,Price,epriceg8@geocities.com,98,231.147.151.7
586,Michael,Stephens,mstephensg9@jugem.jp,84,131.158.94.113
587,Judy,Cole,jcolega@seattletimes.com,18,78.121.141.17
588,Paul,Patterson,ppattersongb@uol.com.br,75,145.47.2.127
589,Alice,Rice,aricegc@nhs.uk,67,34.99.56.67
590,Sarah,Reed,sreedgd@sun.com,17,13.87.181.33
591,Howard,Davis,hdavisge@goodreads.com,72,104.153.88.238
592,Carolyn,Peterson,cpetersongf@usnews.com,13,143.159.50.83
593,Kathleen,Hudson,khudsongg@cmu.edu,78,145.58.183.132
594,Carol,Welch,cwelchgh@free.fr,57,63.216.117.85
595,Teresa,Murphy,tmurphygi@about.me,53,88.135.43.221
596,Roy,Kelly,rkellygj@unesco.org,13,10.169.104.47
597,Jeremy,Webb,jwebbgk@narod.ru,86,231.142.134.11
598,Rebecca,Mason,rmasongl@slate.com,40,168.240.214.24
599,Theresa,Knight,tknightgm@miitbeian.gov.cn,58,247.65.162.56
600,Thomas,Rose,trosegn@chron.com,27,238.233.95.250
601,Maria,King,mkinggo@upenn.edu,100,25.186.41.174
602,Lori,Hunt,lhuntgp@blogtalkradio.com,81,18.3.124.56
603,Anne,Reyes,areyesgq@altervista.org,84,150.247.242.209
604,Rachel,Cook,rcookgr@bloglines.com,31,115.25.38.82
605,Bonnie,Hall,bhallgs@netvibes.com,1,19.23.252.128
606,Amy,Washington,awashingtongt@imgur.com,95,163.10.140.255
607,Jeffrey,Bailey,jbaileygu@google.co.uk,95,222.165.205.71
608,Arthur,Hunt,ahuntgv@archive.org,94,241.73.244.112
609,Christina,Lee,cleegw@auda.org.au,20,219.86.81.182
610,Jack,Dean,jdeangx@paginegialle.it,83,29.3.110.31
611,Dorothy,Montgomery,dmontgomerygy@si.edu,97,56.175.236.146
612,Ralph,Stewart,rstewartgz@over-blog.com,88,21.131.63.29
613,Heather,Nguyen,hnguyenh0@europa.eu,17,93.28.214.43
614,Jack,Graham,jgrahamh1@vimeo.com,95,233.40.251.235
615,George,Bradley,gbradleyh2@dot.gov,41,53.215.206.161
616,Maria,Harper,mharperh3@forbes.com,96,159.15.99.15
617,Kathy,Dunn,kdunnh4@weather.com,28,100.236.1.211
618,Matthew,Barnes,mbarnesh5@google.pl,51,123.205.101.44
619,Eugene,Tucker,etuckerh6@ovh.net,35,148.72.23.16
620,Pamela,Warren,pwarrenh7@uol.com.br,14,52.34.131.215
621,Daniel,Franklin,dfranklinh8@illinois.edu,38,238.154.231.109
622,John,Morrison,jmorrisonh9@godaddy.com,6,33.225.251.179
623,Harry,Banks,hbanksha@flickr.com,50,95.114.104.73
624,Bruce,Peterson,bpetersonhb@ted.com,9,82.102.25.126
625,Johnny,Welch,jwelchhc@artisteer.com,85,152.197.81.227
626,Laura,Harris,lharrishd@discuz.net,15,168.126.1.48
627,Ann,Franklin,afranklinhe@epa.gov,47,24.79.195.64
628,Julia,Hunter,jhunterhf@cpanel.net,96,163.109.68.118
629,Harold,Baker,hbakerhg@indiatimes.com,72,145.179.65.204
630,Sarah,Rice,sricehh@wikia.com,94,200.2.105.217
631,Timothy,Thompson,tthompsonhi@usatoday.com,50,44.57.68.108
632,Evelyn,Carpenter,ecarpenterhj@mapquest.com,53,100.92.211.187
633,Walter,Green,wgreenhk@google.nl,74,72.102.16.162
634,Adam,Chapman,achapmanhl@marriott.com,67,222.220.189.159
635,Emily,Hudson,ehudsonhm@360.cn,99,22.234.228.181
636,Willie,Carroll,wcarrollhn@kickstarter.com,55,210.186.70.189
637,Kelly,Fuller,kfullerho@creativecommons.org,91,80.5.173.110
638,Paul,Howard,phowardhp@shop-pro.jp,79,47.252.44.175
639,Nicole,Lane,nlanehq@angelfire.com,88,137.27.237.93
640,Kathy,Henderson,khendersonhr@ezinearticles.com,46,132.227.137.216
641,Emily,Matthews,ematthewshs@indiatimes.com,6,226.109.59.143
642,Gregory,Reed,greedht@yahoo.co.jp,55,248.126.187.115
643,Bobby,Torres,btorreshu@nsw.gov.au,90,20.251.134.149
644,Melissa,Ryan,mryanhv@google.co.jp,4,236.177.161.94
645,Brenda,Coleman,bcolemanhw@gnu.org,10,64.16.120.33
646,Debra,Alvarez,dalvarezhx@odnoklassniki.ru,88,171.203.209.127
647,Lori,Knight,lknighthy@un.org,27,121.74.127.74
648,Cynthia,Henry,chenryhz@shutterfly.com,48,151.123.222.161
649,Bruce,Rice,bricei0@cornell.edu,42,254.13.178.98
650,Samuel,Myers,smyersi1@about.me,100,182.140.64.36
651,Douglas,Long,dlongi2@usatoday.com,38,16.47.175.148
652,Dennis,Pierce,dpiercei3@spotify.com,87,122.224.27.45
653,Fred,Williams,fwilliamsi4@is.gd,13,127.60.131.200
654,Patricia,Stanley,pstanleyi5@wired.com,3,51.81.234.72
655,Stephen,Ruiz,sruizi6@house.gov,41,255.177.118.14
656,Lori,Bradley,lbradleyi7@nationalgeographic.com,10,30.132.203.58
657,Phyllis,Anderson,pandersoni8@baidu.com,29,85.194.215.203
658,Patricia,Torres,ptorresi9@virginia.edu,42,85.177.130.83
659,Julie,Hart,jhartia@free.fr,64,253.195.102.179
660,Marie,Stevens,mstevensib@netscape.com,24,167.224.251.138
661,Gerald,Nelson,gnelsonic@yahoo.com,81,3.235.212.255
662,Deborah,Mccoy,dmccoyid@senate.gov,41,5.64.24.135
663,Ernest,Pierce,epierceie@springer.com,69,83.28.166.185
664,Mildred,Reynolds,mreynoldsif@prweb.com,20,88.73.91.107
665,Diane,Wood,dwoodig@chron.com,18,147.216.76.146
666,Craig,Mendoza,cmendozaih@hubpages.com,65,132.135.21.166
667,Ralph,Stevens,rstevensii@xing.com,96,20.99.90.206
668,Mary,Ferguson,mfergusonij@webmd.com,53,231.62.86.79
669,Catherine,Walker,cwalkerik@columbia.edu,13,235.97.61.123
670,Thomas,Sims,tsimsil@geocities.jp,67,145.200.14.21
671,Arthur,Richardson,arichardsonim@nationalgeographic.com,97,36.146.35.94
672,Lois,Miller,lmillerin@slate.com,4,146.229.112.199
673,Joshua,Harris,jharrisio@yelp.com,80,73.116.135.99
674,Victor,Larson,vlarsonip@domainmarket.com,98,32.93.226.242
675,Jean,Phillips,jphillipsiq@ebay.co.uk,69,199.237.208.238
676,Larry,Stone,lstoneir@g.co,50,56.225.81.250
677,Gary,Hernandez,ghernandezis@ucoz.ru,90,204.188.102.235
678,Martin,Jackson,mjacksonit@youtu.be,47,4.102.134.188
679,Lisa,Ortiz,lortiziu@washington.edu,9,90.135.83.78
680,Cheryl,Cole,ccoleiv@phoca.cz,65,152.193.140.79
681,William,Chapman,wchapmaniw@sina.com.cn,63,178.3.149.120
682,Melissa,Lopez,mlopezix@e-recht24.de,45,126.110.54.76
683,Matthew,Lopez,mlopeziy@hexun.com,62,25.131.86.140
684,Sara,Cole,scoleiz@hao123.com,36,129.46.193.237
685,Brandon,Patterson,bpattersonj0@indiatimes.com,70,230.43.226.224
686,Ryan,Perkins,rperkinsj1@weibo.com,76,166.189.117.35
687,Catherine,Perkins,cperkinsj2@imgur.com,36,73.244.170.25
688,Dennis,Banks,dbanksj3@alexa.com,38,244.98.151.218
689,Donna,Bailey,dbaileyj4@tuttocitta.it,89,107.51.7.113
690,Kenneth,Cooper,kcooperj5@umn.edu,57,25.154.126.38
691,Daniel,Perkins,dperkinsj6@dropbox.com,94,31.205.46.111
692,Thomas,Allen,tallenj7@quantcast.com,78,50.66.121.123
693,Roy,Hudson,rhudsonj8@gnu.org,95,180.205.92.121
694,Douglas,Cox,dcoxj9@tiny.cc,68,52.154.189.83
695,Lawrence,Washington,lwashingtonja@imageshack.us,26,27.243.117.141
696,Gerald,Berry,gberryjb@google.cn,62,245.6.63.226
697,Sean,Simmons,ssimmonsjc@histats.com,92,230.196.1.106
698,Joseph,Brown,jbrownjd@desdev.cn,32,49.166.6.198
699,Barbara,Mccoy,bmccoyje@live.com,19,176.4.87.107
700,Clarence,Edwards,cedwardsjf@forbes.com,30,60.46.5.227
701,Jerry,Clark,jclarkjg@google.co.uk,14,106.72.31.151
702,Cynthia,Kelley,ckelleyjh@wsj.com,52,209.217.111.154
703,Ann,Davis,adavisji@pbs.org,17,242.118.118.50
704,Roger,Lawrence,rlawrencejj@forbes.com,59,67.175.71.114
705,Edward,Moreno,emorenojk@homestead.com,27,3.129.254.145
706,Terry,King,tkingjl@google.es,47,217.201.97.69
707,Jesse,Campbell,jcampbelljm@indiatimes.com,90,161.150.55.169
708,Martha,George,mgeorgejn@feedburner.com,71,238.46.151.177
709,Barbara,Porter,bporterjo@google.de,2,90.225.89.230
710,Charles,Andrews,candrewsjp@wikispaces.com,29,173.13.175.185
711,Raymond,Montgomery,rmontgomeryjq@sohu.com,71,80.85.74.95
712,Frank,Dixon,fdixonjr@de.vu,39,33.8.221.54
713,Mildred,Roberts,mrobertsjs@umn.edu,15,158.67.196.124
714,Kathryn,Thompson,kthompsonjt@webeden.co.uk,27,95.58.154.203
715,Jacqueline,Roberts,jrobertsju@intel.com,42,208.198.18.162
716,Karen,Moore,kmoorejv@ifeng.com,30,9.76.90.179
717,Roger,Ortiz,rortizjw@xrea.com,94,75.99.222.144
718,Jane,Gibson,jgibsonjx@cafepress.com,70,55.57.225.15
719,Emily,Cole,ecolejy@tinyurl.com,39,234.231.216.255
720,Bobby,Perkins,bperkinsjz@yellowbook.com,29,151.177.84.245
721,Christina,Cruz,ccruzk0@yahoo.com,8,223.178.245.120
722,Robert,Graham,rgrahamk1@livejournal.com,92,9.29.56.2
723,Eric,Matthews,ematthewsk2@ezinearticles.com,12,246.175.80.174
724,Ruby,Robertson,rrobertsonk3@xing.com,83,124.203.242.226
725,Donald,Warren,dwarrenk4@yolasite.com,33,65.29.16.177
726,Willie,Duncan,wduncank5@ed.gov,18,105.212.181.36
727,Juan,Spencer,jspencerk6@t.co,69,247.207.116.47
728,Nicole,Johnson,njohnsonk7@hud.gov,62,176.112.113.236
729,Phyllis,Fields,pfieldsk8@home.pl,82,228.72.9.74
730,Kathy,Chapman,kchapmank9@bandcamp.com,40,120.107.36.10
731,Deborah,Clark,dclarkka@multiply.com,50,25.164.2.37
732,Rachel,Holmes,rholmeskb@blogs.com,91,254.10.31.42
733,Ernest,Johnson,ejohnsonkc@kickstarter.com,42,255.179.133.184
734,Steve,Alexander,salexanderkd@dropbox.com,39,217.193.244.18
735,Julia,White,jwhiteke@twitpic.com,7,54.230.198.34
736,Ann,Castillo,acastillokf@cmu.edu,87,52.86.246.32
737,Peter,Payne,ppaynekg@tmall.com,55,20.37.150.37
738,Janice,Rogers,jrogerskh@army.mil,67,197.17.227.204
739,Adam,Myers,amyerski@irs.gov,91,16.11.36.180
740,Deborah,Johnston,djohnstonkj@phpbb.com,25,133.123.60.17
741,Denise,Marshall,dmarshallkk@biglobe.ne.jp,88,129.166.204.195
742,Alan,Garcia,agarciakl@constantcontact.com,17,45.123.255.237
743,Elizabeth,Freeman,efreemankm@mashable.com,37,29.254.183.228
744,Lori,Thompson,lthompsonkn@g.co,8,106.241.47.6
745,Thomas,Brooks,tbrooksko@fema.gov,14,16.222.93.31
746,Kelly,Ellis,kelliskp@ehow.com,5,90.110.131.76
747,Fred,Willis,fwilliskq@cpanel.net,27,173.94.62.86
748,Angela,Hart,ahartkr@t.co,25,108.76.119.111
749,Paula,Rice,priceks@odnoklassniki.ru,36,75.255.187.2
750,Bonnie,Morales,bmoraleskt@skyrock.com,9,77.178.205.73
751,Larry,Patterson,lpattersonku@slideshare.net,95,223.175.161.139
752,Sarah,Stone,sstonekv@state.tx.us,99,71.194.210.244
753,Henry,Graham,hgrahamkw@smugmug.com,85,252.34.203.157
754,Scott,Woods,swoodskx@ameblo.jp,71,50.251.223.146
755,Beverly,Sullivan,bsullivanky@si.edu,46,238.245.195.192
756,Judith,Hill,jhillkz@bloglovin.com,82,146.49.120.186
757,Steve,West,swestl0@icq.com,93,126.45.1.83
758,Raymond,Long,rlongl1@icio.us,48,87.117.6.30
759,Wanda,Clark,wclarkl2@wp.com,4,215.103.214.135
760,Elizabeth,Harvey,eharveyl3@mashable.com,61,223.174.197.38
761,Annie,Kennedy,akennedyl4@bizjournals.com,75,58.153.28.131
762,Beverly,Schmidt,bschmidtl5@weather.com,30,103.65.239.247
763,Kathy,Walker,kwalkerl6@biglobe.ne.jp,73,6.167.150.161
764,Elizabeth,Oliver,eoliverl7@cargocollective.com,4,101.26.47.21
765,Sharon,Johnson,sjohnsonl8@ning.com,30,67.83.230.71
766,Earl,Kelly,ekellyl9@vkontakte.ru,94,31.216.213.73
767,Clarence,Crawford,ccrawfordla@patch.com,64,13.129.0.241
768,Patrick,Ramos,pramoslb@fda.gov,64,68.106.241.223
769,Judith,Elliott,jelliottlc@aboutads.info,73,139.33.227.158
770,Christina,Gray,cgrayld@google.nl,59,16.136.173.152
771,Christina,West,cwestle@paypal.com,47,1.211.214.96
772,Brandon,Wallace,bwallacelf@163.com,82,31.101.159.57
773,Lois,Miller,lmillerlg@ifeng.com,24,0.80.184.51
774,Walter,Walker,wwalkerlh@multiply.com,9,220.245.227.195
775,Cheryl,Webb,cwebbli@weibo.com,83,200.149.119.78
776,Jack,Rogers,jrogerslj@army.mil,7,231.51.45.215
777,Sean,Ruiz,sruizlk@ustream.tv,23,92.36.146.65
778,Daniel,Johnston,djohnstonll@slate.com,85,4.21.231.209
779,Lawrence,Watkins,lwatkinslm@si.edu,42,35.207.230.28
780,Jean,Porter,jporterln@over-blog.com,13,216.0.38.50
781,Linda,Murray,lmurraylo@liveinternet.ru,10,51.6.75.211
782,Linda,Ford,lfordlp@edublogs.org,83,12.132.41.130
783,Anne,Griffin,agriffinlq@independent.co.uk,64,42.128.93.210
784,Linda,Gardner,lgardnerlr@discovery.com,2,75.125.65.112
785,Cynthia,Collins,ccollinsls@webeden.co.uk,29,220.131.105.253
786,Pamela,Hughes,phugheslt@theatlantic.com,55,148.247.107.2
787,Ruby,Holmes,rholmeslu@narod.ru,71,220.240.19.1
788,Norma,Nichols,nnicholslv@spiegel.de,75,51.15.18.163
789,Alice,Lane,alanelw@shutterfly.com,32,137.64.25.179
790,Craig,Rice,cricelx@pcworld.com,80,100.11.113.152
791,Cheryl,Ramos,cramosly@pinterest.com,90,62.185.120.100
792,Louis,Harper,lharperlz@state.tx.us,44,78.59.219.231
793,Ruby,Kelley,rkelleym0@sitemeter.com,48,253.35.194.11
794,Richard,Cooper,rcooperm1@cdbaby.com,64,234.226.152.99
795,Christina,Cunningham,ccunninghamm2@reddit.com,66,136.62.99.80
796,Judith,Lawson,jlawsonm3@independent.co.uk,39,75.226.115.246
797,Clarence,Frazier,cfrazierm4@yolasite.com,28,155.152.81.248
798,Terry,Daniels,tdanielsm5@seattletimes.com,24,233.149.15.149
799,Aaron,Gonzalez,agonzalezm6@google.de,21,168.70.200.46
800,Thomas,Oliver,toliverm7@webnode.com,65,68.115.102.47
801,Russell,Gutierrez,rgutierrezm8@symantec.com,42,43.224.207.136
802,Ann,Banks,abanksm9@businessinsider.com,92,93.61.215.141
803,Sandra,Arnold,sarnoldma@mayoclinic.com,90,95.116.238.48
804,Debra,Thompson,dthompsonmb@accuweather.com,5,37.178.242.56
805,Judy,Mills,jmillsmc@vimeo.com,44,4.197.253.37
806,Sean,Phillips,sphillipsmd@angelfire.com,93,250.2.160.49
807,Wayne,Grant,wgrantme@omniture.com,87,189.116.80.178
808,Fred,Fisher,ffishermf@123-reg.co.uk,6,62.171.62.106
809,Paula,Ortiz,portizmg@addtoany.com,38,143.131.221.152
810,Earl,Baker,ebakermh@nyu.edu,93,125.128.186.209
811,Rose,Wright,rwrightmi@goo.gl,10,206.122.143.252
812,Julia,Kelley,jkelleymj@state.gov,70,9.169.237.14
813,Howard,Brooks,hbrooksmk@bloglovin.com,16,107.4.149.142
814,Denise,Perry,dperryml@usda.gov,8,22.190.126.240
815,Anna,Payne,apaynemm@ebay.com,100,212.84.39.176
816,Annie,Black,ablackmn@mozilla.com,97,134.4.160.106
817,Jose,Richardson,jrichardsonmo@cnbc.com,46,194.59.16.144
818,Doris,Berry,dberrymp@skyrock.com,81,54.79.170.17
819,Daniel,Young,dyoungmq@mapquest.com,60,146.115.102.185
820,Denise,Fernandez,dfernandezmr@smugmug.com,81,78.246.245.59
821,Stephen,Harper,sharperms@dyndns.org,15,237.47.6.42
822,Jesse,Kim,jkimmt@google.com.au,13,246.100.242.139
823,Janice,Stewart,jstewartmu@gnu.org,36,62.25.135.170
824,Debra,Garrett,dgarrettmv@howstuffworks.com,28,63.162.10.152
825,Martha,Fowler,mfowlermw@goo.gl,87,214.104.204.173
826,Gerald,Sims,gsimsmx@hexun.com,38,144.60.57.65
827,Joyce,Hernandez,jhernandezmy@ifeng.com,5,123.131.104.139
828,Eric,Simpson,esimpsonmz@china.com.cn,8,228.116.205.85
829,Beverly,Gilbert,bgilbertn0@netscape.com,57,25.105.129.255
830,Michael,Mccoy,mmccoyn1@artisteer.com,55,1.162.166.168
831,Sean,Alexander,salexandern2@bloomberg.com,6,43.106.96.217
832,Patrick,Burns,pburnsn3@ehow.com,51,110.96.88.246
833,George,Peterson,gpetersonn4@businessinsider.com,39,100.102.172.111
834,Lillian,Oliver,lolivern5@dropbox.com,38,154.225.114.35
835,Harold,Welch,hwelchn6@macromedia.com,80,0.180.63.242
836,Gloria,Watkins,gwatkinsn7@senate.gov,75,91.160.233.207
837,Earl,Johnston,ejohnstonn8@istockphoto.com,19,185.117.89.72
838,Carolyn,Watkins,cwatkinsn9@ucla.edu,32,50.162.7.233
839,Rose,Henderson,rhendersonna@over-blog.com,11,148.126.118.131
840,Jeffrey,Kelly,jkellynb@engadget.com,35,230.183.69.241
841,Benjamin,Baker,bbakernc@privacy.gov.au,63,197.127.168.150
842,Wayne,Henry,whenrynd@shinystat.com,39,159.138.212.67
843,Peter,Roberts,probertsne@sourceforge.net,3,3.100.135.128
844,Sandra,Phillips,sphillipsnf@sphinn.com,25,139.155.154.17
845,Tina,Kelly,tkellyng@accuweather.com,58,193.124.214.108
846,Kevin,Kennedy,kkennedynh@yale.edu,2,221.98.87.219
847,Denise,Gutierrez,dgutierrezni@multiply.com,52,204.141.169.59
848,Jason,Willis,jwillisnj@addtoany.com,37,104.8.15.22
849,Judith,Romero,jromeronk@wikimedia.org,29,14.8.162.228
850,Joseph,Howell,jhowellnl@google.co.jp,39,12.195.107.19
851,Jimmy,Morris,jmorrisnm@pinterest.com,36,211.20.239.145
852,Carlos,Hill,chillnn@chicagotribune.com,86,93.224.11.86
853,Mark,Carter,mcarterno@wix.com,65,97.59.22.166
854,Martha,Austin,maustinnp@weibo.com,84,20.212.221.65
855,Christina,White,cwhitenq@wikipedia.org,52,84.19.250.173
856,Juan,Owens,jowensnr@ezinearticles.com,22,148.90.207.99
857,Wayne,Meyer,wmeyerns@aboutads.info,77,202.8.124.56
858,Judy,Hanson,jhansonnt@auda.org.au,87,240.212.58.255
859,Helen,Andrews,handrewsnu@sciencedirect.com,32,191.215.129.154
860,Joseph,Duncan,jduncannv@cpanel.net,57,220.110.221.141
861,Cheryl,Shaw,cshawnw@goodreads.com,6,185.132.142.181
862,Marilyn,Harrison,mharrisonnx@usda.gov,18,243.138.60.104
863,Robin,Hunter,rhunterny@prnewswire.com,81,43.133.75.80
864,Bobby,Kennedy,bkennedynz@go.com,64,53.51.80.222
865,Judith,Flores,jfloreso0@wikispaces.com,92,11.210.145.226
866,Jeffrey,Watkins,jwatkinso1@hubpages.com,95,116.70.241.20
867,Matthew,Clark,mclarko2@51.la,57,57.110.158.106
868,Angela,Wood,awoodo3@amazon.de,79,102.134.150.242
869,Rose,James,rjameso4@4shared.com,85,142.183.72.37
870,Kelly,Adams,kadamso5@phoca.cz,90,47.168.122.245
871,Julie,Harper,jharpero6@nih.gov,6,229.120.110.61
872,Sara,Carpenter,scarpentero7@is.gd,2,8.14.143.133
873,Margaret,Simpson,msimpsono8@weibo.com,97,174.140.124.19
874,Earl,Rose,eroseo9@slideshare.net,96,124.41.137.243
875,Robin,Black,rblackoa@51.la,23,171.63.98.58
876,Ruby,Allen,rallenob@last.fm,71,119.39.200.61
877,Christopher,Hansen,chansenoc@columbia.edu,34,51.135.89.113
878,Virginia,Anderson,vandersonod@indiatimes.com,2,155.207.78.173
879,Alice,Hernandez,ahernandezoe@about.me,8,147.8.20.105
880,Thomas,Cooper,tcooperof@newsvine.com,64,112.53.27.55
881,Sara,Richardson,srichardsonog@com.com,80,138.20.122.255
882,Robin,Fuller,rfulleroh@1und1.de,43,13.164.153.101
883,Bobby,Fuller,bfulleroi@mozilla.com,20,23.147.185.213
884,Elizabeth,Cruz,ecruzoj@t-online.de,42,236.48.248.116
885,Maria,Adams,madamsok@scientificamerican.com,75,49.236.159.245
886,Heather,Freeman,hfreemanol@narod.ru,34,212.182.157.171
887,Cheryl,Lewis,clewisom@mozilla.org,52,29.44.236.179
888,Rose,Nichols,rnicholson@pen.io,95,241.184.174.142
889,Kathleen,Alvarez,kalvarezoo@moonfruit.com,57,187.216.193.114
890,Lisa,Cooper,lcooperop@liveinternet.ru,41,214.159.7.96
891,Henry,Myers,hmyersoq@xing.com,98,219.139.229.193
892,Rachel,Lane,rlaneor@hexun.com,17,219.162.41.231
893,Maria,Bennett,mbennettos@studiopress.com,72,164.232.236.188
894,Amy,Lopez,alopezot@cnbc.com,3,79.103.85.95
895,Bobby,Wright,bwrightou@blogspot.com,97,195.151.199.86
896,Craig,Cox,ccoxov@pagesperso-orange.fr,78,30.16.121.38
897,Tammy,Hudson,thudsonow@hhs.gov,29,0.155.56.161
898,Shawn,Hawkins,shawkinsox@marketwatch.com,83,10.12.100.114
899,Julie,Adams,jadamsoy@ustream.tv,20,205.135.55.129
900,Thomas,Johnston,tjohnstonoz@howstuffworks.com,50,93.37.118.53
901,Clarence,Welch,cwelchp0@theatlantic.com,48,179.131.198.69
902,Dorothy,Perry,dperryp1@jalbum.net,79,60.12.139.136
903,Julie,Reynolds,jreynoldsp2@rambler.ru,8,102.9.58.89
904,Karen,Murray,kmurrayp3@google.ca,68,108.233.99.236
905,Evelyn,Cruz,ecruzp4@livejournal.com,76,215.202.57.75
906,Ruby,Powell,rpowellp5@sogou.com,29,206.175.161.191
907,Ronald,Schmidt,rschmidtp6@wikia.com,40,68.223.217.37
908,Virginia,Hunter,vhunterp7@mtv.com,69,46.236.5.59
909,Betty,Ward,bwardp8@123-reg.co.uk,98,20.213.47.208
910,Willie,Alexander,walexanderp9@deliciousdays.com,77,197.158.201.149
911,Gloria,Brown,gbrownpa@sakura.ne.jp,73,147.238.234.102
912,Billy,Howard,bhowardpb@umich.edu,99,12.102.243.121
913,Joan,Ray,jraypc@ox.ac.uk,13,49.96.176.164
914,Kelly,Holmes,kholmespd@sohu.com,91,183.199.252.36
915,Henry,Peterson,hpetersonpe@cmu.edu,29,180.45.95.13
916,Shirley,Simmons,ssimmonspf@harvard.edu,50,208.108.183.154
917,Alan,Miller,amillerpg@livejournal.com,9,147.213.89.34
918,Wayne,Coleman,wcolemanph@joomla.org,94,250.1.188.28
919,Timothy,Ward,twardpi@nymag.com,66,155.197.30.186
920,Adam,Palmer,apalmerpj@telegraph.co.uk,45,54.187.243.226
921,Michael,Stevens,mstevenspk@symantec.com,34,25.38.6.30
922,Louise,Day,ldaypl@sitemeter.com,59,220.52.142.79
923,Elizabeth,Ward,ewardpm@apple.com,86,250.214.86.193
924,Christine,Henry,chenrypn@unblog.fr,98,149.73.6.202
925,Mary,Burke,mburkepo@constantcontact.com,7,186.240.153.79
926,Eric,Marshall,emarshallpp@cisco.com,81,106.9.183.49
927,Sara,Ortiz,sortizpq@bandcamp.com,69,6.150.104.185
928,Roger,Griffin,rgriffinpr@biblegateway.com,48,224.223.220.160
929,Kathryn,Morales,kmoralesps@purevolume.com,95,217.188.223.195
930,Thomas,Wilson,twilsonpt@e-recht24.de,61,209.119.24.132
931,Linda,Andrews,landrewspu@typepad.com,66,217.54.161.77
932,Alice,Castillo,acastillopv@tamu.edu,1,235.61.240.29
933,Phillip,Robertson,probertsonpw@wikispaces.com,65,81.100.113.135
934,Raymond,Nichols,rnicholspx@wunderground.com,6,47.131.71.10
935,Patricia,Frazier,pfrazierpy@telegraph.co.uk,55,185.25.213.237
936,Aaron,Barnes,abarnespz@mapquest.com,60,135.129.157.64
937,Russell,Myers,rmyersq0@tinyurl.com,97,85.144.183.82
938,Andrea,Williamson,awilliamsonq1@epa.gov,35,44.169.155.169
939,Michelle,Hicks,mhicksq2@berkeley.edu,77,145.206.200.236
940,Russell,Payne,rpayneq3@cargocollective.com,33,96.158.34.56
941,Debra,Gordon,dgordonq4@phoca.cz,72,133.44.15.59
942,Nancy,Franklin,nfranklinq5@dagondesign.com,18,239.228.56.25
943,Mildred,Clark,mclarkq6@flavors.me,65,179.60.191.241
944,Bonnie,Berry,bberryq7@businessinsider.com,22,138.31.247.47
945,Charles,Holmes,cholmesq8@meetup.com,72,172.131.245.235
946,Amanda,Ward,awardq9@umn.edu,20,241.154.189.18
947,Donna,Carroll,dcarrollqa@booking.com,42,162.250.103.195
948,Kevin,Bishop,kbishopqb@behance.net,92,10.163.17.159
949,Rebecca,Ferguson,rfergusonqc@japanpost.jp,33,61.246.187.65
950,Gregory,Foster,gfosterqd@cdc.gov,89,213.29.243.32
951,Jeremy,Ruiz,jruizqe@squarespace.com,81,139.181.232.89
952,Diana,Wells,dwellsqf@npr.org,35,138.20.63.149
953,Justin,Burton,jburtonqg@amazon.com,83,44.148.216.21
954,John,Murphy,jmurphyqh@tmall.com,93,90.94.41.222
955,Kathryn,Howard,khowardqi@opensource.org,59,226.180.42.21
956,Judy,Hunt,jhuntqj@skype.com,44,228.147.63.98
957,Irene,Vasquez,ivasquezqk@xrea.com,99,197.13.255.124
958,Daniel,Gonzalez,dgonzalezql@miibeian.gov.cn,15,31.117.232.13
959,Emily,Oliver,eoliverqm@dion.ne.jp,100,1.173.160.99
960,Gregory,Wagner,gwagnerqn@t-online.de,63,238.43.91.44
961,Phillip,Hicks,phicksqo@posterous.com,88,142.142.142.149
962,Lillian,Evans,levansqp@storify.com,9,26.223.206.255
963,Judith,Williamson,jwilliamsonqq@list-manage.com,7,147.55.229.69
964,Kathryn,Robinson,krobinsonqr@discovery.com,33,100.21.173.252
965,Johnny,Mitchell,jmitchellqs@ucoz.ru,51,71.5.10.51
966,Ruth,Gonzales,rgonzalesqt@toplist.cz,24,188.104.18.165
967,Aaron,Patterson,apattersonqu@intel.com,91,82.84.28.60
968,Sharon,Wright,swrightqv@wordpress.com,98,219.92.97.133
969,Kimberly,Riley,krileyqw@themeforest.net,63,204.150.34.157
970,Brian,Young,byoungqx@jugem.jp,70,221.191.70.76
971,Susan,Jacobs,sjacobsqy@time.com,40,26.179.59.121
972,Albert,Tucker,atuckerqz@indiatimes.com,53,10.134.150.199
973,George,Sullivan,gsullivanr0@google.es,75,12.217.243.86
974,Samuel,Simmons,ssimmonsr1@reuters.com,92,140.104.136.13
975,Johnny,Harper,jharperr2@scribd.com,100,117.99.196.81
976,Teresa,Watson,twatsonr3@prnewswire.com,76,94.160.87.23
977,Amanda,Brooks,abrooksr4@apache.org,87,145.229.129.27
978,Julie,Wagner,jwagnerr5@about.me,72,164.13.181.44
979,Thomas,Jenkins,tjenkinsr6@slashdot.org,17,153.58.10.253
980,Jacqueline,Palmer,jpalmerr7@youtu.be,9,181.147.234.232
981,Eugene,Parker,eparkerr8@pbs.org,45,148.38.94.212
982,Judith,Riley,jrileyr9@exblog.jp,39,253.218.64.178
983,Martin,Edwards,medwardsra@hibu.com,15,173.22.112.172
984,Bonnie,Lopez,blopezrb@zdnet.com,74,115.71.101.229
985,Albert,Pierce,apiercerc@globo.com,87,176.151.48.214
986,Paul,Jordan,pjordanrd@sina.com.cn,37,252.211.34.125
987,Earl,Gonzales,egonzalesre@hhs.gov,96,64.240.23.164
988,Linda,Fields,lfieldsrf@livejournal.com,83,121.251.20.235
989,Steve,Little,slittlerg@businessweek.com,56,243.55.37.158
990,Gerald,Chavez,gchavezrh@stumbleupon.com,75,45.120.18.143
991,Jerry,Lawson,jlawsonri@163.com,32,104.193.175.207
992,Gregory,Walker,gwalkerrj@biglobe.ne.jp,80,109.126.125.104
993,Cynthia,Banks,cbanksrk@posterous.com,50,103.74.161.133
994,Brandon,Kelley,bkelleyrl@macromedia.com,78,185.154.170.197
995,Alice,Ray,arayrm@foxnews.com,58,246.63.88.47
996,Charles,Richardson,crichardsonrn@sciencedirect.com,85,78.169.72.179
997,Carolyn,Warren,cwarrenro@psu.edu,13,107.182.25.206
998,Wanda,Wilson,wwilsonrp@mediafire.com,30,141.76.57.45
999,William,Baker,wbakerrq@t.co,26,132.29.26.92
1000,Debra,Webb,dwebbrr@addtoany.com,73,241.159.80.254
